date,open,high,low,close,volume
2025-01-28 17:59:23.679807,77.37159880980577,77.82077944864598,76.09520995075928,77.37159880980577,9626891
2025-01-29 17:59:23.679818,80.05246521123762,81.29161580818406,79.57916192729918,80.05246521123762,9831472
2025-01-30 17:59:23.679819,83.75611453350645,83.80754871217809,83.00561933509121,83.75611453350645,2698454
2025-01-31 17:59:23.679820,86.44843358506789,87.14865159214388,85.71410444507083,86.44843358506789,3049581
2025-02-01 17:59:23.679821,88.16608055035711,88.85457198761394,87.13921444301418,88.16608055035711,1083351
2025-02-02 17:59:23.679821,84.33843026670273,85.57106006501586,83.47010246445078,84.33843026670273,8569984
2025-02-03 17:59:23.679822,81.82517659630543,82.81307562994034,80.45168236109576,81.82517659630543,1240119
2025-02-04 17:59:23.679822,84.17319523973491,84.26555673153611,82.75426528580354,84.17319523973491,3889766
2025-02-05 17:59:23.679823,81.97677833506255,82.74996684330806,80.7770280489702,81.97677833506255,6982311
2025-02-06 17:59:23.679823,81.79792299748779,83.03798222854498,80.9160125191011,81.79792299748779,7533916
2025-02-07 17:59:23.679824,83.07556041246917,84.38341769351928,83.00205171536896,83.07556041246917,9317583
2025-02-08 17:59:23.679824,81.1271356655054,82.12372870832299,80.76599828908677,81.1271356655054,2118674
2025-02-09 17:59:23.679825,78.24208119917074,79.20070592576083,77.6595214719304,78.24208119917074,4171103
2025-02-10 17:59:23.679825,74.64130876785353,75.07898076434232,74.5549967230632,74.64130876785353,8396480
2025-02-11 17:59:23.679826,72.89361960394862,73.09964770910543,72.02561561541913,72.89361960394862,5570831
2025-02-12 17:59:23.679826,69.51962628304918,70.4617422212956,69.21340618409818,69.51962628304918,3831782
2025-02-13 17:59:23.679827,71.6154948788528,71.99909195753287,70.74659599990504,71.6154948788528,4811522
2025-02-14 17:59:23.679828,69.65307856047647,70.94115404492457,68.57913983940838,69.65307856047647,1414127
2025-02-15 17:59:23.679828,67.75047671854793,67.89585350461466,67.17574149506946,67.75047671854793,2788536
2025-02-16 17:59:23.679829,64.72342698877006,65.43595418116078,64.7045533944854,64.72342698877006,8421756
2025-02-17 17:59:23.679829,66.21673412539911,66.38558397358031,66.11111825785706,66.21673412539911,9482749
2025-02-18 17:59:23.679830,62.91665434869899,63.49523494303635,62.69570629613584,62.91665434869899,3319150
2025-02-19 17:59:23.679830,66.05222719050474,66.85545575721085,64.90768404024496,66.05222719050474,2962560
2025-02-20 17:59:23.679831,66.16569292178025,67.29488992595917,64.89063562120269,66.16569292178025,3678395
2025-02-21 17:59:23.679831,64.92672152712846,65.9754214065285,64.18919853836358,64.92672152712846,9885091
2025-02-22 17:59:23.679832,67.68135327517788,67.99138935573663,67.44970717615345,67.68135327517788,6668848
2025-02-23 17:59:23.679832,65.80898831376274,66.46765818185993,65.79232205787743,65.80898831376274,1287219
2025-02-24 17:59:23.679833,68.51618603649582,69.07642067710124,67.5255524315306,68.51618603649582,9278826
2025-02-25 17:59:23.679833,71.2912374243251,72.18555230425684,70.71084745034113,71.2912374243251,8107618
2025-02-26 17:59:23.679834,67.96418129213986,68.50382702440517,67.78817882637448,67.96418129213986,5808621
2025-02-27 17:59:23.679834,66.48811227014062,67.11530288659402,65.88884644909265,66.48811227014062,4512158
2025-02-28 17:59:23.679835,67.0390823381864,68.02077909306878,66.9655936372848,67.0390823381864,6606226
2025-03-01 17:59:23.679835,64.69897817494157,65.99195738541067,63.53058392205082,64.69897817494157,5121882
2025-03-02 17:59:23.679836,67.27290439726546,67.40614579821217,65.9302248358805,67.27290439726546,1383861
2025-03-03 17:59:23.679837,64.54382728175253,65.79552061976715,63.358741403218886,64.54382728175253,2391818
2025-03-04 17:59:23.679837,64.03198938683471,64.79376683647641,63.39554210656224,64.03198938683471,1693574
2025-03-05 17:59:23.679838,63.633212958642076,63.895129751613304,62.65682268282297,63.633212958642076,5989889
2025-03-06 17:59:23.679838,62.0281797741301,63.01855451401215,61.11444807176906,62.0281797741301,4125740
2025-03-07 17:59:23.679839,60.04425044951456,60.09490394701829,58.86729241084089,60.04425044951456,1554925
2025-03-08 17:59:23.679839,58.47931490906032,59.54062230912958,58.09351939572467,58.47931490906032,8545059
2025-03-09 17:59:23.679840,60.50843464615951,60.67690914523147,59.67604006214792,60.50843464615951,4363877
2025-03-10 17:59:23.679840,58.6845861406207,59.81198054567819,58.40503242054147,58.6845861406207,9329639
2025-03-11 17:59:23.679841,60.982960581393286,61.48725617433836,60.67156057057956,60.982960581393286,5159683
2025-03-12 17:59:23.679841,61.79595329633195,62.163964533597024,60.919625320339094,61.79595329633195,6019670
2025-03-13 17:59:23.679842,59.64198684257522,60.743923842913,59.27889409578005,59.64198684257522,9849729
2025-03-14 17:59:23.679842,58.11633534748435,58.48653629761274,57.64223173222966,58.11633534748435,2387562
2025-03-15 17:59:23.679843,59.32661668751379,59.75715375030075,58.76640317741021,59.32661668751379,9903529
2025-03-16 17:59:23.679844,58.15282167780472,58.47066076001441,57.0517386398074,58.15282167780472,3982612
2025-03-17 17:59:23.679844,57.310431431029315,57.806171299875196,57.15338870475192,57.310431431029315,5758236
2025-03-18 17:59:23.679845,57.534096622932225,58.55380688285276,56.428068188760456,57.534096622932225,1083638
2025-03-19 17:59:23.679845,57.5577701779575,57.82868546570463,57.010500594207784,57.5577701779575,7776693
2025-03-20 17:59:23.679846,58.08451705298515,58.57091021317493,57.31536263509899,58.08451705298515,5103115
2025-03-21 17:59:23.679846,57.34653754678099,58.416583112286055,57.08132568792015,57.34653754678099,7695962
2025-03-22 17:59:23.679847,58.40825528331678,59.37931099824013,58.22765065190311,58.40825528331678,4904960
2025-03-23 17:59:23.679847,60.13516789537492,61.04131918748222,59.65022881418182,60.13516789537492,9886899
2025-03-24 17:59:23.679848,59.96840255748775,60.15222887495668,58.974008131327416,59.96840255748775,6708436
2025-03-25 17:59:23.679849,62.6255277868926,63.73724549651772,62.39796073881291,62.6255277868926,7039873
2025-03-26 17:59:23.679850,63.45943185042775,64.18113980249055,62.78940269099103,63.45943185042775,9666280
2025-03-27 17:59:23.679850,63.502293492392056,64.18608024640092,62.350640670287675,63.502293492392056,9960073
2025-03-28 17:59:23.679851,66.27054277454756,66.8802302385682,66.2290194726597,66.27054277454756,7117218
2025-03-29 17:59:23.679852,65.95279704967619,66.31060833037414,65.1846184466818,65.95279704967619,2033851
2025-03-30 17:59:23.679852,62.78414175787898,63.073150304644884,62.64751216532084,62.78414175787898,2776400
2025-03-31 17:59:23.679853,63.7616974883821,64.65724817089686,63.446604360457236,63.7616974883821,4622806
2025-04-01 17:59:23.679854,63.988515228333576,64.89585046294904,62.843185482732146,63.988515228333576,1615840
2025-04-02 17:59:23.679854,66.60635077346072,66.80583222158882,66.56464923359876,66.60635077346072,9982348
2025-04-03 17:59:23.679855,64.87011642629605,65.62704671786436,64.75308348439196,64.87011642629605,4108005
2025-04-04 17:59:23.679856,64.28577982642373,64.7862591940755,63.44302487907202,64.28577982642373,8906453
2025-04-05 17:59:23.679857,62.09005015792424,62.4777290127915,62.043289881061455,62.09005015792424,1032082
2025-04-06 17:59:23.679858,60.49428913320068,61.40810831897585,59.60198726754874,60.49428913320068,1395419
2025-04-07 17:59:23.679858,58.04254733332574,58.240151937039364,58.02678130948603,58.04254733332574,7781833
2025-04-08 17:59:23.679859,60.41608110147804,61.06580980356682,59.968619300621604,60.41608110147804,9754098
2025-04-09 17:59:23.679859,58.59865448144805,59.1391376339316,58.29533016132659,58.59865448144805,5378261
2025-04-10 17:59:23.679860,61.226160228764286,61.399476332732526,60.24221700727185,61.226160228764286,8395534
2025-04-11 17:59:23.679861,59.392780301012145,60.0110800887754,59.221365771776675,59.392780301012145,5971639
2025-04-12 17:59:23.679861,57.972935599606565,59.10934224657387,57.424315625031475,57.972935599606565,5889001
2025-04-13 17:59:23.679862,58.57951936514712,59.357570706853124,58.38688494202027,58.57951936514712,1595865
2025-04-14 17:59:23.679863,60.60848046757105,60.757055970703455,60.490266125829265,60.60848046757105,7944863
2025-04-15 17:59:23.679864,63.39303292177162,64.37211473620292,62.446077608278905,63.39303292177162,7389033
2025-04-16 17:59:23.679865,61.51967867059014,61.765706174490546,61.070073532406035,61.51967867059014,6407022
2025-04-17 17:59:23.679865,59.48934274231854,60.00892738914822,59.08658787026281,59.48934274231854,8608926
2025-04-18 17:59:23.679866,60.64351977493464,61.02754481427723,60.443149331434405,60.64351977493464,2965445
2025-04-19 17:59:23.679867,60.83384615355632,61.6929695747711,59.77084814056113,60.83384615355632,8200503
2025-04-20 17:59:23.679867,61.417783669757014,62.07852740226974,60.99201515660163,61.417783669757014,9521038
2025-04-21 17:59:23.679868,60.7479950973736,61.75134380739526,60.12389950589948,60.7479950973736,7195988
2025-04-22 17:59:23.679868,59.35460533346169,60.5389315736311,59.12317507409521,59.35460533346169,9765021
2025-04-23 17:59:23.679869,56.452264509141486,57.1624807035076,55.955756911835316,56.452264509141486,4267226
2025-04-24 17:59:23.679870,58.77911978205049,59.10026600088953,57.68593278964694,58.77911978205049,8669503
2025-04-25 17:59:23.679870,58.074541569977214,58.55918829853557,57.538786575297195,58.074541569977214,8087659
2025-04-26 17:59:23.679871,57.51487576698605,58.216139985422046,56.812774275769335,57.51487576698605,8461643
2025-04-27 17:59:23.679871,56.61298023217376,56.68201438163726,56.080374162815374,56.61298023217376,8611528
2025-04-28 17:59:23.679872,56.13276110250227,56.41009235331289,55.14844848001181,56.13276110250227,3973976
2025-04-29 17:59:23.679872,55.4174232408046,56.48033310640732,55.14982728997497,55.4174232408046,7892274
2025-04-30 17:59:23.679873,56.55093444046223,56.72997833561781,56.24169623569502,56.55093444046223,1296680
2025-05-01 17:59:23.679873,55.11766366233818,55.82609139582472,54.207965383790054,55.11766366233818,6662251
2025-05-02 17:59:23.679874,53.6838609245715,53.78140077007728,52.84243792948747,53.6838609245715,9743303
2025-05-03 17:59:23.679875,53.855706477632744,54.11824509453557,52.993634630763005,53.855706477632744,4659600
2025-05-04 17:59:23.679875,51.48825525975706,52.121005584844255,51.26514147398172,51.48825525975706,8823823
2025-05-05 17:59:23.679876,50.47513637665747,50.83594686792809,49.82543987075505,50.47513637665747,5251330
2025-05-06 17:59:23.679876,49.70664459943305,50.674879962064715,49.15775118706811,49.70664459943305,3415721
2025-05-07 17:59:23.679877,47.453106483418246,48.331889753179404,46.82296755516616,47.453106483418246,1296141
2025-05-08 17:59:23.679877,46.32982913254529,46.4639774002232,46.19156783143815,46.32982913254529,8746938
2025-05-09 17:59:23.679878,44.47190409875449,44.66726857674647,43.929036423657806,44.47190409875449,7917655
2025-05-10 17:59:23.679878,45.71581266897147,46.32204906729573,45.60904252747928,45.71581266897147,2446387
2025-05-11 17:59:23.679879,45.70198273872974,46.587202351667386,45.61046342414838,45.70198273872974,2895938
2025-05-12 17:59:23.679879,47.539434847140015,47.90895339397172,47.338551531833254,47.539434847140015,7612237
2025-05-13 17:59:23.679880,49.43802630834708,50.17488940466372,48.53699678134227,49.43802630834708,1332751
2025-05-14 17:59:23.679880,48.28211780510412,48.85848235738699,47.595541613669205,48.28211780510412,2972260
2025-05-15 17:59:23.679881,47.9543762204327,47.96983114413745,47.464424716820055,47.9543762204327,2882709
2025-05-16 17:59:23.679882,48.6660309310852,49.02042479274879,48.10933520493749,48.6660309310852,1823089
2025-05-17 17:59:23.679882,51.082816066446206,51.154285644438296,50.34098390351821,51.082816066446206,4162358
2025-05-18 17:59:23.679883,53.238298511069885,53.94609879487396,52.25344541363128,53.238298511069885,6595388
2025-05-19 17:59:23.679884,55.45832108221798,55.92473693988894,55.07852101024341,55.45832108221798,8343346
2025-05-20 17:59:23.679884,56.2291737005788,57.141330708601856,55.68774375792407,56.2291737005788,5193381
2025-05-21 17:59:23.679885,55.347249913991284,55.55002888987311,54.983503047427035,55.347249913991284,6446191
2025-05-22 17:59:23.679885,56.43887673641184,56.50791272462986,56.4361227841615,56.43887673641184,8011130
2025-05-23 17:59:23.679886,55.4761262349979,56.53368881728572,54.8531220039499,55.4761262349979,8687013
2025-05-24 17:59:23.679886,54.05417322489486,54.91429495573929,53.193699844123714,54.05417322489486,6237050
2025-05-25 17:59:23.679887,53.83675713565611,54.610947185308326,53.57657336264649,53.83675713565611,5933691
2025-05-26 17:59:23.679888,56.15622408780993,56.764015798492906,55.10184359677625,56.15622408780993,7034644
2025-05-27 17:59:23.679888,58.37416526822696,58.63810225593379,57.57076407800214,58.37416526822696,1078928
2025-05-28 17:59:23.679889,60.80218362678508,61.8043139309678,59.903496857391666,60.80218362678508,8432974
2025-05-29 17:59:23.679889,57.83726732777882,57.91887029883499,57.0033909989127,57.83726732777882,8655387
2025-05-30 17:59:23.679890,55.82619123223736,56.455310606504035,54.777748579826834,55.82619123223736,1678244
2025-05-31 17:59:23.679890,55.51939085306405,56.31886299390535,54.51611237615925,55.51939085306405,5627177
2025-06-01 17:59:23.679891,53.015436455381405,53.27434001494349,52.01832424363356,53.015436455381405,6345420
2025-06-02 17:59:23.679891,52.20014403761858,52.809631104660504,52.098944791721806,52.20014403761858,2344786
2025-06-03 17:59:23.679892,51.72035105230844,52.10729998755064,50.9327832239091,51.72035105230844,9657229
2025-06-04 17:59:23.679892,52.444907912173306,52.697822188042956,52.18775718215763,52.444907912173306,6511720
2025-06-05 17:59:23.679893,54.98832817190973,55.811598414666534,54.79013436412218,54.98832817190973,1373229
2025-06-06 17:59:23.679894,53.55212396262945,53.94019131763293,52.49211163278095,53.55212396262945,3174675
2025-06-07 17:59:23.679894,55.59533336153298,56.53554176139922,54.989789631846804,55.59533336153298,9190882
2025-06-08 17:59:23.679895,56.37704974957802,56.5553245755129,55.4181750423297,56.37704974957802,3801009
2025-06-09 17:59:23.679895,54.800613062023785,54.94126223925888,53.733949472482436,54.800613062023785,6187207
2025-06-10 17:59:23.679896,55.52477285419488,56.115894933988635,54.9030730624852,55.52477285419488,7825021
2025-06-11 17:59:23.679896,53.88620203172721,54.406451991651274,53.28605065918895,53.88620203172721,8811068
2025-06-12 17:59:23.679897,53.07596428887959,53.43246031545055,52.86303461354876,53.07596428887959,4208701
2025-06-13 17:59:23.679897,54.35699778840345,55.16986480692843,53.35674948990919,54.35699778840345,5785917
2025-06-14 17:59:23.679898,54.18267094684407,54.75291246579977,53.2814250748205,54.18267094684407,5757246
2025-06-15 17:59:23.679899,54.980247226178925,56.062380929267306,54.258248516398666,54.980247226178925,4262620
2025-06-16 17:59:23.679899,55.08897709430007,55.59334942233441,54.81186691852934,55.08897709430007,9750424
2025-06-17 17:59:23.679900,57.6973479838377,57.822488698775075,56.726370807863844,57.6973479838377,1505365
2025-06-18 17:59:23.679901,57.05376021396265,58.186497144139516,56.32155347954858,57.05376021396265,8068790
2025-06-19 17:59:23.679901,54.9785938536841,55.8338877313139,53.90896242440889,54.9785938536841,2095962
2025-06-20 17:59:23.679902,55.432400293593695,55.7655997991057,55.038729046729195,55.432400293593695,1144902
2025-06-21 17:59:23.679902,58.13176041196027,58.80182177302588,58.01833542497117,58.13176041196027,2095783
2025-06-22 17:59:23.679903,59.15455441931123,59.18793757874327,58.15501881565789,59.15455441931123,6817287
2025-06-23 17:59:23.679903,56.811427534421185,57.15428651404541,55.780124567450706,56.811427534421185,8804819
2025-06-24 17:59:23.679904,55.68036336476482,56.36564170647136,55.65601044009175,55.68036336476482,3035559
2025-06-25 17:59:23.679904,54.947894310822505,55.30549202682022,54.92878779744709,54.947894310822505,3062632
2025-06-26 17:59:23.679905,57.27683740089987,57.76300600594871,56.36198866943372,57.27683740089987,2836148
2025-06-27 17:59:23.679905,59.671285179689576,59.78809622753376,58.8939730479903,59.671285179689576,7097298
2025-06-28 17:59:23.679906,60.54796845850557,60.638044584974296,60.06773944624759,60.54796845850557,2207679
2025-06-29 17:59:23.679906,63.09660054512064,63.25915964655987,62.754086125008726,63.09660054512064,5907167
2025-06-30 17:59:23.679907,65.2871206107949,66.52745169364084,64.8514966549042,65.2871206107949,2548714
2025-07-01 17:59:23.679907,64.55990561703595,64.82480761198319,64.33691132232613,64.55990561703595,5749551
2025-07-02 17:59:23.679908,64.65678599782066,65.69323335190876,63.74010888893244,64.65678599782066,1888307
2025-07-03 17:59:23.679908,61.77363072993194,62.86946005047759,61.29133563436925,61.77363072993194,5873299
2025-07-04 17:59:23.679909,59.29577474005325,59.37310090954421,58.67807030648626,59.29577474005325,5251271
2025-07-05 17:59:23.679909,57.142333979948795,57.99297298721318,56.93500279455405,57.142333979948795,9435119
2025-07-06 17:59:23.679910,54.75868086137095,55.84317536654318,54.7042033993503,54.75868086137095,6096983
2025-07-07 17:59:23.679910,53.93154859485381,54.12796880614622,53.120057716227414,53.93154859485381,8545520
2025-07-08 17:59:23.679911,54.49179876349768,55.48253530578465,53.60353341912892,54.49179876349768,9517725
2025-07-09 17:59:23.679911,53.79489176976311,54.66029687293889,53.743130002533746,53.79489176976311,8252874
2025-07-10 17:59:23.679912,54.58647592989818,54.70946137072996,54.56275554187203,54.58647592989818,7310473
2025-07-11 17:59:23.679912,56.23302414815108,57.23127014140258,55.21106905616515,56.23302414815108,4609641
2025-07-12 17:59:23.679913,56.99923826737993,57.29595688673804,56.20309278048686,56.99923826737993,3190743
2025-07-13 17:59:23.679914,57.64506153694152,58.272109741695424,56.97437658127633,57.64506153694152,3929495
2025-07-14 17:59:23.679914,59.22276393990022,60.19772667362192,59.06073448312949,59.22276393990022,9052145
2025-07-15 17:59:23.679915,60.78915718772433,61.45809057161127,60.49227660659581,60.78915718772433,6781907
2025-07-16 17:59:23.679915,57.81999599702588,58.10814793254814,56.86817984688581,57.81999599702588,1972223
2025-07-17 17:59:23.679916,60.04713694561725,61.08802051562502,59.070835486385,60.04713694561725,3546220
2025-07-18 17:59:23.679916,57.8188938862409,58.194063345723364,56.92415765977484,57.8188938862409,6564292
2025-07-19 17:59:23.679917,56.14175587442757,57.24102632248904,55.329391611879515,56.14175587442757,1830623
2025-07-20 17:59:23.679917,53.7780475030051,54.75038707083177,52.94381821151567,53.7780475030051,8796252
2025-07-21 17:59:23.679918,52.474775844687564,52.89663379174936,51.65348086889714,52.474775844687564,2043120
2025-07-22 17:59:23.679918,50.24996659437179,51.01882870796644,49.40958136525913,50.24996659437179,4480199
2025-07-23 17:59:23.679919,50.8755520509811,51.29842513338933,50.11136462029183,50.8755520509811,7688332
2025-07-24 17:59:23.679919,48.933102144314915,49.59411422542871,48.145258953195906,48.933102144314915,8440509
2025-07-25 17:59:23.679920,47.1501407287093,47.2586331592207,46.73953365121355,47.1501407287093,2126727
2025-07-26 17:59:23.679920,47.28473180387007,48.162873981011124,46.98860185948127,47.28473180387007,9414676
2025-07-27 17:59:23.679921,47.548142224422364,48.38046656726254,47.07327123716055,47.548142224422364,4812515
2025-07-28 17:59:23.679922,45.77802614451668,46.02339251922117,45.73551989854474,45.77802614451668,1470292
2025-07-29 17:59:23.679922,47.26488386515494,48.036809770470796,46.78222801279221,47.26488386515494,6990436
2025-07-30 17:59:23.679923,48.38339373798061,48.65206641171877,47.43087679636634,48.38339373798061,4328298
2025-07-31 17:59:23.679931,48.580906973356626,48.811425078349984,47.827661247427784,48.580906973356626,5946008
2025-08-01 17:59:23.679932,46.349713254064795,47.245564253686354,45.86534214798601,46.349713254064795,1846810
2025-08-02 17:59:23.679933,46.980505041744664,47.28873246123756,46.49211970835704,46.980505041744664,2867430
2025-08-03 17:59:23.679933,45.848640110101535,46.291982041049124,45.292284752906504,45.848640110101535,9232403
2025-08-04 17:59:23.679934,45.17328214378057,45.42694021139769,45.12080056935071,45.17328214378057,4604870
2025-08-05 17:59:23.679934,45.7230544811087,45.85269503746884,45.2922544195174,45.7230544811087,3263565
2025-08-06 17:59:23.679935,47.243555610832566,47.74522520067071,46.951844019765495,47.243555610832566,4381058
2025-08-07 17:59:23.679936,48.868709615189516,49.29849338755431,48.61736615362271,48.868709615189516,8100675
2025-08-08 17:59:23.679936,51.293328173874414,51.72597226651023,50.65992152224973,51.293328173874414,9132678
2025-08-09 17:59:23.679937,52.316988948997945,52.83891618922755,51.46472295035198,52.316988948997945,2169619
2025-08-10 17:59:23.679937,51.04893547050333,52.05617111914696,50.46771699577801,51.04893547050333,8467841
2025-08-11 17:59:23.679938,50.242617107727696,50.61173372814012,50.14206750330645,50.242617107727696,2403750
2025-08-12 17:59:23.679938,48.28828716825883,49.10904059286889,48.28142973279014,48.28828716825883,9034626
2025-08-13 17:59:23.679939,48.49673184397134,49.43683184724433,47.70863309296423,48.49673184397134,9204107
2025-08-14 17:59:23.679939,48.068307537587415,48.5495526181028,47.82444750060546,48.068307537587415,8946187
2025-08-15 17:59:23.679940,50.26736071648498,50.603110378314476,49.32805273471259,50.26736071648498,1883871
2025-08-16 17:59:23.679940,52.399428981690356,52.95362085816591,51.580538194915185,52.399428981690356,9643775
2025-08-17 17:59:23.679941,50.25753459076657,51.13080397953583,49.95542288307458,50.25753459076657,3467409
2025-08-18 17:59:23.679942,52.06581823993376,52.99226993252695,51.3290203616994,52.06581823993376,8104334
2025-08-19 17:59:23.679942,52.69907653058871,53.15978629208642,51.68880136823217,52.69907653058871,4088556
2025-08-20 17:59:23.679943,55.01333701635228,55.80107072443328,54.190881073627295,55.01333701635228,9890136
2025-08-21 17:59:23.679943,57.20010832521753,57.45875221442048,56.64302519314798,57.20010832521753,9996538
2025-08-22 17:59:23.679944,59.894165932980336,60.14640096399397,59.155388123834825,59.894165932980336,3956236
2025-08-23 17:59:23.679944,62.07191179843688,62.55516892025933,61.75760116355849,62.07191179843688,8583534
2025-08-24 17:59:23.679945,63.089134349185194,63.61370922615559,62.88382790145556,63.089134349185194,8715047
2025-08-25 17:59:23.679945,62.49253438572688,63.55084745630477,62.35754872317884,62.49253438572688,1159311
2025-08-26 17:59:23.679946,60.70490590411295,61.188729585471044,60.5482437741473,60.70490590411295,4405822
2025-08-27 17:59:23.679946,57.97812644593325,58.029747194380995,57.60834756739594,57.97812644593325,3205276
2025-08-28 17:59:23.679947,59.55263544884561,60.647496563378844,59.12830717405043,59.55263544884561,6400790
2025-08-29 17:59:23.679947,60.4211917351796,61.56483593934421,59.99683102002142,60.4211917351796,5298551
2025-08-30 17:59:23.679948,60.5493020262547,60.68912367801028,59.42116003725985,60.5493020262547,5646126
2025-08-31 17:59:23.679949,60.49282610080744,60.634071544914825,60.1410853993737,60.49282610080744,1239384
2025-09-01 17:59:23.679949,58.26641877940854,58.77957118726665,57.12011390507901,58.26641877940854,4807310
2025-09-02 17:59:23.679950,59.83108028646143,60.99396493375992,59.20234037177694,59.83108028646143,5955708
2025-09-03 17:59:23.679950,61.52692469871034,62.60996785711955,61.010083873600834,61.52692469871034,3771695
2025-09-04 17:59:23.679951,61.022956673095244,61.51791224883577,60.384352702375175,61.022956673095244,9468637
2025-09-05 17:59:23.679951,59.06129975233427,59.52518838180648,58.782960429255034,59.06129975233427,2907395
2025-09-06 17:59:23.679952,58.95969440309455,60.1197307375996,58.83127023261412,58.95969440309455,7233338
2025-09-07 17:59:23.679952,59.76138795367212,59.94504693555601,59.717471524456755,59.76138795367212,1426812
2025-09-08 17:59:23.679953,62.440454017607365,63.642192084100216,62.247184940691156,62.440454017607365,1117095
2025-09-09 17:59:23.679953,61.45503188551988,61.5506270283724,61.37806190560435,61.45503188551988,6250919
2025-09-10 17:59:23.679954,61.976819695742954,62.33097821839194,60.893297092742905,61.976819695742954,7960682
2025-09-11 17:59:23.679955,64.10557271843422,64.72010334437601,64.06566982363799,64.10557271843422,9969143
2025-09-12 17:59:23.679955,64.00774308305374,64.1648821624424,63.30053549680431,64.00774308305374,6378003
2025-09-13 17:59:23.679956,63.447314482493155,64.50495182801183,62.55826740552288,63.447314482493155,2016447
2025-09-14 17:59:23.679957,64.30377346355775,64.90091474227863,63.905029723094614,64.30377346355775,6335247
2025-09-15 17:59:23.679957,64.91764125309123,65.95441242406908,63.91460949809417,64.91764125309123,1326540
2025-09-16 17:59:23.679958,65.92270178468554,66.60103821377731,65.25756824791752,65.92270178468554,5058370
2025-09-17 17:59:23.679958,63.34390586278238,64.43562334678599,62.668099182210156,63.34390586278238,6074681
2025-09-18 17:59:23.679959,65.41986251881501,65.95240792514886,65.32327905873797,65.41986251881501,5038929
2025-09-19 17:59:23.679960,65.40561213189412,66.01038386986599,64.3007844251564,65.40561213189412,9359498
2025-09-20 17:59:23.679960,65.76135156149334,66.40506628982979,65.49641891753825,65.76135156149334,5882306
2025-09-21 17:59:23.679961,67.30407914965343,67.64205175403102,67.2783342175511,67.30407914965343,1643391
2025-09-22 17:59:23.679961,67.82595662378569,68.9081646612763,67.60884229865621,67.82595662378569,6813530
2025-09-23 17:59:23.679962,65.62364991359459,65.65854910179264,64.35059960862925,65.62364991359459,1663738
2025-09-24 17:59:23.679962,66.9244762699171,67.61671456487977,66.78827177957471,66.9244762699171,2155877
2025-09-25 17:59:23.679963,67.42330549834526,68.06804773668306,66.57937851768831,67.42330549834526,5926171
2025-09-26 17:59:23.679963,65.97581933149705,65.98358426598399,65.89676391670336,65.97581933149705,4577850
2025-09-27 17:59:23.679964,68.01532823669457,68.89948242481772,67.50524994622133,68.01532823669457,6737720
2025-09-28 17:59:23.679964,66.6201845987805,67.3020014691676,65.3131164193004,66.6201845987805,6936873
2025-09-29 17:59:23.679965,69.70585133032844,69.93274652335802,68.54384966752112,69.70585133032844,4022325
2025-09-30 17:59:23.679965,67.34197567982312,67.5700862540769,66.78100558010301,67.34197567982312,6127441
2025-10-01 17:59:23.679966,66.9653205148763,68.1424668254205,66.20131065910789,66.9653205148763,7090865
2025-10-02 17:59:23.679966,64.52173968882809,64.8403691850229,63.49633782566612,64.52173968882809,3556745
2025-10-03 17:59:23.679967,62.645880576342385,63.646776757150896,62.421419044793154,62.645880576342385,9015840
2025-10-04 17:59:23.679967,64.80446782610039,64.83363890526455,63.87205592819908,64.80446782610039,8421507
2025-10-05 17:59:23.679968,65.18776292012703,65.3322762386133,63.909517039409785,65.18776292012703,3218754
2025-10-06 17:59:23.679968,67.65057906347621,68.63796563440181,66.47069947142866,67.65057906347621,8799915
2025-10-07 17:59:23.679969,69.31078868543032,70.69475472822108,68.88063317276752,69.31078868543032,1428718
2025-10-08 17:59:23.679970,66.3933681657854,67.5104542719073,65.13735367276978,66.3933681657854,8497154
2025-10-09 17:59:23.679970,68.83275655444567,69.09373940901368,68.26603500329293,68.83275655444567,1173406
2025-10-10 17:59:23.679971,66.00407157915079,66.0197795618621,65.92734882101738,66.00407157915079,3336849
2025-10-11 17:59:23.679971,68.51209153070936,69.68739736004463,67.45642768901736,68.51209153070936,1062237
2025-10-12 17:59:23.679972,70.14824858397213,70.91597986220764,70.05337138123485,70.14824858397213,2513885
2025-10-13 17:59:23.679972,69.72798510730222,70.96103005552881,69.33992393878484,69.72798510730222,6593328
2025-10-14 17:59:23.679973,66.67810866557906,67.4893590827118,65.77131215261824,66.67810866557906,4878020
2025-10-15 17:59:23.679973,68.40599356466402,69.6491375172449,67.18198001430994,68.40599356466402,3603359
2025-10-16 17:59:23.679974,67.72711601372754,67.85736738594434,66.60641263247422,67.72711601372754,4020647
2025-10-17 17:59:23.679974,66.57733316134821,67.53284199892711,66.56520073413355,66.57733316134821,1324774
2025-10-18 17:59:23.679975,65.80292620076526,66.74436686303807,65.17877653279196,65.80292620076526,2206031
2025-10-19 17:59:23.679975,66.57991914912012,66.7869395123857,66.26768693600867,66.57991914912012,5388219
2025-10-20 17:59:23.679976,65.55214378722418,65.97092795628313,64.98549567033977,65.55214378722418,6622330
2025-10-21 17:59:23.679976,65.29164631820599,66.42829935041372,65.24017487390307,65.29164631820599,8923376
2025-10-22 17:59:23.679977,66.6761766228986,67.07050061237932,65.76842344868058,66.6761766228986,5626337
2025-10-23 17:59:23.679977,66.2440314553017,67.22427704495496,64.95038919807526,66.2440314553017,3423629
2025-10-24 17:59:23.679978,66.40684553704165,67.12057293583533,65.670114029366,66.40684553704165,1994716
2025-10-25 17:59:23.679978,65.88842717022443,67.1385185576869,65.05645599111888,65.88842717022443,9947830
2025-10-26 17:59:23.679979,64.87360658391678,64.92172942758692,64.7410813514786,64.87360658391678,2612605
2025-10-27 17:59:23.679979,65.66781310754405,66.06276130306296,65.66191332683293,65.66781310754405,1899696
2025-10-28 17:59:23.679980,63.87134694680824,64.228008602686,63.729706588100505,63.87134694680824,7808066
2025-10-29 17:59:23.679980,66.98600807012043,67.90285333311475,66.16633378911857,66.98600807012043,8991850
2025-10-30 17:59:23.679981,67.63668752582377,68.6832045493548,67.47637291900423,67.63668752582377,5390944
2025-10-31 17:59:23.679981,66.25851780328988,66.70238200544047,65.4937528049281,66.25851780328988,1551586
2025-11-01 17:59:23.679982,66.45613854032247,66.96082866600784,65.82148564118758,66.45613854032247,8352652
2025-11-02 17:59:23.679982,69.02917855339938,69.12024268768116,68.91139646319499,69.02917855339938,6423618
2025-11-03 17:59:23.679983,71.96911538793995,72.4623479890662,71.70104813192815,71.96911538793995,5622171
2025-11-04 17:59:23.679983,69.44234966422933,70.62587421353115,68.59777591607035,69.44234966422933,2061027
2025-11-05 17:59:23.679984,69.73483896862258,70.82195522969835,68.62732884379568,69.73483896862258,5862935
2025-11-06 17:59:23.679985,72.14289073585857,72.14991747300212,71.93017190174531,72.14289073585857,9564248
2025-11-07 17:59:23.679985,70.6897281354975,71.0603094041876,70.17957519598653,70.6897281354975,2424515
2025-11-08 17:59:23.679985,71.12400385579271,72.2236458470887,70.41840793293674,71.12400385579271,6805572
2025-11-09 17:59:23.679986,73.52722886564773,74.6765211635692,73.40349272748442,73.52722886564773,6547150
2025-11-10 17:59:23.679986,75.2551373245873,76.28848555350095,74.11225535920177,75.2551373245873,6438018
2025-11-11 17:59:23.679987,77.80604411100934,78.65499641711735,76.57225749119074,77.80604411100934,7393865
2025-11-12 17:59:23.679988,81.17331393149792,82.0936829076728,79.83799438682146,81.17331393149792,3012870
2025-11-13 17:59:23.679988,84.6817068387365,85.94948460545594,83.8382363253664,84.6817068387365,8333725
2025-11-14 17:59:23.679989,84.86154469913285,85.45224558995889,84.0365260779214,84.86154469913285,2991668
2025-11-15 17:59:23.679989,87.8656288084771,89.02974701183507,86.51529946510038,87.8656288084771,3686991
2025-11-16 17:59:23.679990,86.70327674217837,88.42984864985722,86.55896920592888,86.70327674217837,7653848
2025-11-17 17:59:23.679990,86.69769372508624,87.78962043796419,85.02707880086152,86.69769372508624,7354740
2025-11-18 17:59:23.679991,83.59070596495901,85.00434323001234,83.42344391966054,83.59070596495901,1068104
2025-11-19 17:59:23.679991,85.17521678794107,85.90391680165793,84.5282768900391,85.17521678794107,4261478
2025-11-20 17:59:23.679992,84.46273284331129,86.0422387063039,84.25365528829379,84.46273284331129,2960825
2025-11-21 17:59:23.679992,87.59190448137292,88.94503675975665,85.9081753926455,87.59190448137292,1794965
2025-11-22 17:59:23.679993,90.42944253043987,90.6330923078916,89.70707206519195,90.42944253043987,5769888
2025-11-23 17:59:23.679993,92.76440087078382,94.22153188077687,92.43006476083443,92.76440087078382,7583137
2025-11-24 17:59:23.679994,92.11466718155557,93.44839921753605,90.96881213849359,92.11466718155557,7960879
2025-11-25 17:59:23.679994,90.92694461795968,91.86488490248837,90.6919166868234,90.92694461795968,8387020
2025-11-26 17:59:23.679995,91.39405525517031,92.59104766165203,90.79876530674886,91.39405525517031,6290696
2025-11-27 17:59:23.679995,95.08797962575098,96.62169998448931,94.60685603417846,95.08797962575098,7941889
2025-11-28 17:59:23.679996,94.83842274141371,95.91207782252063,93.67813993880041,94.83842274141371,1652293
2025-11-29 17:59:23.679996,98.84570061965779,99.36345818285277,98.29778930570585,98.84570061965779,4823812
2025-11-30 17:59:23.679997,99.95591371745441,101.19470259872426,98.87015589171243,99.95591371745441,2661508
2025-12-01 17:59:23.679998,100.66449957798153,102.57769625777804,99.22799864217744,100.66449957798153,9218774
2025-12-02 17:59:23.679998,104.53289050584422,106.35295112338683,103.61499040964203,104.53289050584422,4147537
2025-12-03 17:59:23.679999,99.77137929344809,99.90770646759482,97.9120821087252,99.77137929344809,4633418
2025-12-04 17:59:23.679999,95.47276705808368,96.67668260401969,94.75148957290752,95.47276705808368,9770836
2025-12-05 17:59:23.680000,99.94501051816428,100.39555529908553,98.24886069995924,99.94501051816428,9342692
2025-12-06 17:59:23.680000,104.15889379483357,105.70897031389613,102.82279677673112,104.15889379483357,2094295
2025-12-07 17:59:23.680001,101.10760235719349,101.96874773565368,100.66713226275874,101.10760235719349,3891420
2025-12-08 17:59:23.680001,104.32328388775699,106.08261088206807,104.06603716860772,104.32328388775699,6590221
2025-12-09 17:59:23.680002,107.57545257506253,107.87804523763127,106.62265811958602,107.57545257506253,2645471
2025-12-10 17:59:23.680002,103.99173625420055,105.38115189147308,102.09142367491746,103.99173625420055,9846253
2025-12-11 17:59:23.680003,99.10119457388531,101.06754428768204,97.29285097821152,99.10119457388531,1658617
2025-12-12 17:59:23.680003,95.30204611539136,96.13200739870744,94.982466738572,95.30204611539136,4307109
2025-12-13 17:59:23.680004,95.9337474685306,97.6276208240275,94.82711759674332,95.9337474685306,5697404
2025-12-14 17:59:23.680004,99.22709765852159,99.73088189208788,99.19055112355218,99.22709765852159,8887993
2025-12-15 17:59:23.680005,99.22566256341958,99.3574867224159,97.68345787604446,99.22566256341958,2007075
2025-12-16 17:59:23.680005,97.84643800783888,98.70177812929472,96.94509550767326,97.84643800783888,1498822
2025-12-17 17:59:23.680006,98.43207483615235,99.05592839464306,96.68972550740773,98.43207483615235,1574744
2025-12-18 17:59:23.680006,103.09186457679118,103.42198304901538,102.05108185496185,103.09186457679118,1257599
2025-12-19 17:59:23.680007,107.28854637072742,108.41766243333211,106.26602358906207,107.28854637072742,3296031
2025-12-20 17:59:23.680007,110.06173876167226,110.76268528522122,109.41262836296754,110.06173876167226,4719576
2025-12-21 17:59:23.680008,114.16901957673366,114.68714494041835,113.92711071499693,114.16901957673366,4136332
2025-12-22 17:59:23.680008,115.28616585365867,117.33650963251428,115.07102522542864,115.28616585365867,8084312
2025-12-23 17:59:23.680009,113.26185152207127,115.099690242899,111.15505299814716,113.26185152207127,4793497
2025-12-24 17:59:23.680009,111.16287001278624,111.7557738290861,110.38166519044913,111.16287001278624,1844997
2025-12-25 17:59:23.680010,116.03182462002164,116.29355966662666,114.74995595805207,116.03182462002164,9277597
2025-12-26 17:59:23.680010,119.92775976023363,120.1616784379857,117.86811146662276,119.92775976023363,6106342
2025-12-27 17:59:23.680011,119.60956480963492,120.73008463126246,118.08068416304245,119.60956480963492,1703051
2025-12-28 17:59:23.680011,114.21331076605968,115.48512888814915,112.18439016474275,114.21331076605968,2581334
2025-12-29 17:59:23.680012,119.00864112408486,120.26326274081113,118.1189034611265,119.00864112408486,7647097
2025-12-30 17:59:23.680013,117.05241446419075,117.41873907615808,116.64221078200143,117.05241446419075,1325875
2025-12-31 17:59:23.680013,116.59097307447992,118.87604609341945,115.56356232143676,116.59097307447992,9464159
2026-01-01 17:59:23.680014,114.64701795359399,116.29347829911399,113.3799062920454,114.64701795359399,8663754
2026-01-02 17:59:23.680014,111.29633984952582,111.87149741977177,111.06285429605987,111.29633984952582,3416565
2026-01-03 17:59:23.680015,111.79024614027541,112.8671861850907,110.6190854793478,111.79024614027541,6736601
2026-01-04 17:59:23.680015,109.43179575821533,109.4452457309254,108.36053502814634,109.43179575821533,7925806
2026-01-05 17:59:23.680016,112.72097252729984,114.97487400134506,111.3437494427126,112.72097252729984,7124568
2026-01-06 17:59:23.680016,114.9565430053539,116.02955278422776,113.24707471147606,114.9565430053539,6069454
2026-01-07 17:59:23.680017,118.56253335606024,118.84102096539686,117.29270080036785,118.56253335606024,1064460
2026-01-08 17:59:23.680017,117.2826637222468,117.81350054487136,116.17170675780426,117.2826637222468,5082745
2026-01-09 17:59:23.680018,112.02309846920454,113.02927939375974,110.37559090238425,112.02309846920454,1555525
2026-01-10 17:59:23.680018,116.82858724196184,116.93923865763041,115.21507092250795,116.82858724196184,3778932
2026-01-11 17:59:23.680019,116.8733862117095,117.04621280198711,115.5205609420297,116.8733862117095,6295693
2026-01-12 17:59:23.680019,111.50838089286944,111.68531110451984,111.36689911781293,111.50838089286944,9163814
2026-01-13 17:59:23.680020,114.52052917298357,116.07586671539036,112.44649079037451,114.52052917298357,8964424
2026-01-14 17:59:23.680020,115.81968820852762,117.40304557058323,114.55893629449899,115.81968820852762,8913267
2026-01-15 17:59:23.680021,115.45234139552275,117.31870927749152,113.44364447839375,115.45234139552275,2825451
2026-01-16 17:59:23.680022,115.50303442965192,117.0837092452689,115.22534576280253,115.50303442965192,4883319
2026-01-17 17:59:23.680022,115.02136369916683,116.34254152637352,114.49333833283288,115.02136369916683,1137946
2026-01-18 17:59:23.680023,111.04619055030265,112.52966764330144,109.47316675491005,111.04619055030265,2044519
2026-01-19 17:59:23.680023,106.024034576003,106.72812986895885,105.68739971398972,106.024034576003,6671168
2026-01-20 17:59:23.680024,104.76933119800837,105.21759983743078,104.70119137527807,104.76933119800837,8560308
2026-01-21 17:59:23.680024,107.38092202762819,109.02960111888649,107.21343037696096,107.38092202762819,8895944
2026-01-22 17:59:23.680025,109.67484190377243,111.2232131879669,108.024057313333,109.67484190377243,4534558
2026-01-23 17:59:23.680025,113.21385013628813,114.45959857666247,111.7087926396224,113.21385013628813,5928002
2026-01-24 17:59:23.680026,116.94768368860896,117.4056056759222,116.34565638891823,116.94768368860896,6024359
2026-01-25 17:59:23.680027,116.516272713283,117.46939891528675,114.59428904855278,116.516272713283,9299120
2026-01-26 17:59:23.680027,118.54656658601738,119.24609108187823,116.40242042007787,118.54656658601738,2317059
2026-01-27 17:59:23.680027,114.75571331549212,116.71353496556544,112.92391568564203,114.75571331549212,9447316
