date,open,high,low,close,volume,amount
2025-11-10,102.0,103.6,101.2,103.3,30303643.0,3112785548.0
2025-11-11,103.3,104.4,100.6,102.0,41269159.0,4197723581.0
2025-11-12,102.0,102.4,100.8,101.8,24968884.0,2537600016.0
2025-11-13,101.0,103.0,99.5,102.1,33815896.0,3421970520.0
2025-11-14,100.6,101.6,99.5,100.0,35419273.0,3545426568.0
2025-11-17,99.5,102.5,99.5,100.3,28915570.0,2907676038.0
2025-11-18,99.35,100.1,98.05,98.6,33786187.0,3335585514.0
2025-11-19,98.65,99.65,97.7,98.0,25108369.0,2468961726.0
2025-11-20,98.95,99.4,97.2,98.5,24966349.0,2453894932.0
2025-11-21,97.0,97.25,95.15,95.55,46164332.0,4433509373.0
2025-11-24,96.05,98.6,95.65,98.15,38950345.0,3810237349.0
2025-11-25,99.2,99.6,97.45,98.25,29485452.0,2900235574.0
2025-11-26,102.4,105.2,102.1,103.8,128129815.0,13326934186.0
2025-11-27,103.6,104.8,101.9,104.0,58022656.0,6003642459.0
2025-11-28,104.5,104.8,102.3,102.5,43785936.0,4522753722.0
2025-12-01,100.1,103.4,98.6,99.55,86464495.0,8686237171.0
2025-12-02,99.5,99.7,95.7,96.5,80744936.0,7831610695.0
2025-12-03,96.5,97.4,95.4,95.9,39051180.0,3751362894.0
2025-12-04,96.8,98.8,96.25,98.1,49912883.0,4876753385.0
2025-12-05,97.6,99.75,96.65,99.05,44529788.0,4375516456.0
2025-12-08,98.4,101.2,98.4,99.5,31145522.0,3102147104.0
2025-12-09,99.5,99.7,97.2,97.35,36058225.0,3530965460.0
2025-12-10,98.4,100.5,97.65,100.0,51497713.0,5117375615.0
2025-12-11,100.2,102.0,99.8,101.5,41406607.0,4188543769.0
2025-12-12,102.0,104.0,101.4,102.4,85213513.0,8775018771.0
2025-12-15,101.6,102.8,100.5,100.9,38535431.0,3912560231.0
2025-12-16,100.2,101.3,98.65,99.5,32115324.0,3197773753.0
2025-12-17,99.6,103.0,98.9,101.3,38155110.0,3857350663.0
2025-12-18,100.7,102.1,100.2,101.4,22759882.0,2299834130.0
2025-12-19,102.2,104.5,101.7,102.7,50727640.0,5225878129.0
2025-12-22,104.2,105.2,102.4,102.8,31556484.0,3259380430.0
2025-12-23,103.7,104.0,102.5,103.2,21108052.0,2176705961.0
2025-12-24,102.8,104.2,102.7,103.2,12043868.0,1245784801.0
2025-12-29,104.0,106.7,103.8,104.2,56811243.0,5981620110.0
2025-12-30,104.0,105.1,103.7,104.3,32946951.0,3440189361.0
2025-12-31,103.7,104.3,102.5,103.3,21806552.0,2247874001.0
2026-01-02,103.3,105.8,102.2,104.6,24476486.0,2563068459.0
2026-01-05,104.2,106.2,103.7,105.4,40887247.0,4296123546.0
2026-01-06,106.2,108.0,105.7,106.1,47681423.0,5099690915.0
2026-01-07,106.1,106.1,103.5,104.5,43863326.0,4570699811.0
2026-01-08,103.7,103.9,99.65,101.0,71725824.0,7253550959.0
2026-01-09,100.0,100.6,98.2,98.5,71605201.0,7076085798.0
2026-01-12,101.3,106.4,100.8,105.0,108743770.0,11309799466.0
2026-01-13,106.5,107.0,103.9,104.9,52013088.0,5460947281.0
2026-01-14,104.9,104.9,100.4,101.5,80092305.0,8142038421.0
2026-01-15,102.0,102.3,100.2,100.8,39093176.0,3945024952.0
2026-01-16,101.9,102.5,99.35,100.0,37523001.0,3754492445.0
2026-01-19,98.8,99.9,98.3,98.5,37288820.0,3688128614.0
2026-01-20,98.3,99.45,97.05,97.35,45401371.0,4439900206.0
2026-01-21,97.0,98.0,96.3,97.3,38515912.0,3732826134.0
2026-01-22,97.35,98.1,96.2,97.0,34480371.0,3337220654.0
2026-01-23,97.3,98.8,97.0,97.55,37200891.0,3638783224.0
2026-01-26,97.95,97.95,96.2,97.1,31250095.0,3025217107.0
2026-01-27,97.1,97.55,96.2,96.55,27407450.0,2650166329.0
2026-01-28,97.0,98.4,96.1,98.35,39950423.0,3897711004.0
2026-01-29,97.3,98.9,97.05,98.6,27680308.0,2719596956.0
2026-01-30,98.05,98.95,97.2,97.2,28956959.0,2833933063.0
2026-02-02,96.5,96.95,94.05,94.85,54620063.0,5177245156.0
2026-02-03,95.1,95.65,91.15,93.2,50436330.0,4696946989.0
2026-02-04,91.5,92.65,90.7,92.15,53329150.0,4889303425.0
2026-02-05,90.2,93.95,90.2,93.8,39784843.0,3680101063.0
2026-02-06,92.55,94.5,91.15,91.4,39226920.0,3613023452.0
2026-02-09,93.0,93.2,90.4,91.05,42466515.0,3873803561.0
2026-02-10,91.05,91.7,88.1,88.8,74372071.0,6639467254.0
2026-02-11,88.4,89.4,87.25,88.85,37829736.0,3353428398.0
2026-02-12,86.65,87.8,84.3,84.85,90415198.0,7718365047.0
2026-02-13,84.05,84.25,80.8,82.15,99656113.0,8163046696.0
2026-02-16,81.65,82.4,79.25,82.05,23648794.0,1916737788.0
2026-02-20,81.15,82.0,80.1,80.75,27220396.0,2198664138.0
2026-02-23,83.2,87.5,82.65,85.0,65205703.0,5570943448.0
2026-02-24,84.2,84.2,80.65,81.4,67807380.0,5524281029.0
2026-02-25,82.4,83.6,81.5,82.7,39932923.0,3307337539.0
2026-02-26,82.7,83.2,80.35,80.45,40036885.0,3249845503.0
2026-02-27,81.0,82.45,80.45,81.15,42462533.0,3462342574.0
2026-03-02,79.6,80.2,77.1,77.4,57081668.0,4466838101.0
2026-03-03,77.25,78.15,75.35,75.65,64441703.0,4915585675.0
2026-03-04,74.65,75.65,73.6,75.4,62511701.0,4655016653.0
2026-03-05,76.65,76.65,73.85,74.5,44459291.0,3321256933.0
2026-03-06,74.5,77.95,73.65,76.85,81436279.0,6248516834.0
2026-03-09,74.4,79.0,74.0,78.7,67180598.0,5207113498.0
2026-03-10,80.0,80.55,77.55,79.1,46241432.0,3634937609.0
2026-03-11,79.15,79.6,76.65,77.4,39917143.0,3092097298.0
2026-03-12,76.5,77.2,75.4,76.7,37947010.0,2890556280.0
2026-03-13,76.0,77.4,75.85,75.95,18836697.0,1439696706.0
2026-03-16,76.9,79.0,76.5,78.3,38287519.0,2994178671.0
2026-03-17,78.45,82.2,78.4,80.0,52313278.0,4227247116.0
2026-03-18,80.55,81.4,79.6,80.3,26863720.0,2159489930.0
2026-03-19,78.7,81.55,78.5,80.7,50616607.0,4077022588.0
2026-03-20,81.55,82.65,78.15,79.15,64632837.0,5140724068.0
2026-03-23,77.8,78.5,75.85,76.55,54303511.0,4181270814.0
